{
  "ensemble": {
    "precision": 0.995049504950495,
    "recall": 0.8170731707317073,
    "pr_auc": 0.9112655422430456,
    "total_cost": 11000.0,
    "false_positives": 2,
    "false_negatives": 90,
    "optimal_threshold": 0.49,
    "savings": 43120.0,
    "savings_percentage": 79.67479674796748
  },
  "catboost": {
    "precision": 0.9951100244498777,
    "recall": 0.8272357723577236,
    "pr_auc": 0.9050899318337218,
    "total_cost": 10450.0,
    "false_positives": 2,
    "false_negatives": 85,
    "weight_in_ensemble": 0.5564534165164085
  },
  "vae": {
    "precision": 0.941908713692946,
    "recall": 0.4613821138211382,
    "pr_auc": 0.6291770549971927,
    "total_cost": 36850.0,
    "false_positives": 14,
    "false_negatives": 265,
    "weight_in_ensemble": 0.15780022791679343
  },
  "baseline": {
    "total_cost": 54120.0
  },
  "config": {
    "data_path": "../../data/processed/creditcard_fe.csv",
    "catboost_model_path": "../../models/catboost_best_tuned.cbm",
    "vae_model_path": "../../models/vae_best_tuned.pth",
    "ffnn_model_path": "../../models/ffnn_best_tuned.pth",
    "logreg_model_path": "../../models/logreg_baseline.pkl",
    "device": "cuda",
    "C_FP": 550,
    "C_FN": 110
  },
  "logistic_regression": {
    "precision": 0.8857142857142857,
    "recall": 0.6300813008130082,
    "pr_auc": 0.7568380323835109,
    "total_cost": 42020.0,
    "false_positives": 40,
    "false_negatives": 182,
    "in_ensemble": false,
    "note": "Comparison only - not included in ensemble"
  }
}