Model,Precision,Recall,PR-AUC,Total Cost ($),FP,FN
LogReg,0.8857142857142857,0.6300813008130082,0.7568380323835109,42020,40,182
CatBoost,0.9951100244498777,0.8272357723577236,0.9050899318337218,10450,2,85
VAE,0.9585062240663901,0.4695121951219512,0.6497200878263003,34210,10,261
Ensemble,0.9927536231884058,0.8353658536585366,0.9060852580974617,10560,3,81
